school_id,school_name,jersey,name,position,bats,throws,height,weight,class_year,hometown,high_school,previous_school,profile_url,headshot_url
utah,Utah,1,Colter McAnelly,RHP,R,R,6' 4'',200,Jr.,"Cheyenne, Wyo.",Cheyenne East HS,,https://utahutes.com/sports/baseball/roster/colter-mcanelly/17034,headshots/utah_colter-mcanelly.jpg
utah,Utah,2,Matt Flaharty,INF,L,R,6' 1'',195,R-Sr.,"Rancho Santa Margarita, Calif.",Santa Margarita Catholic HS,,https://utahutes.com/sports/baseball/roster/matt-flaharty/17025,headshots/utah_matt-flaharty.jpg
utah,Utah,3,Zakye Hawkins,INF,R,R,6' 0'',190,So.,"Las Cruces, N.M.",Las Cruces HS,,https://utahutes.com/sports/baseball/roster/zakye-hawkins/17028,headshots/utah_zakye-hawkins.jpg
utah,Utah,5,Nevan Noonan,INF,R,R,6' 0'',175,Sr.,"San Diego, Calif.",Francis Parker HS,San Diego State,https://utahutes.com/sports/baseball/roster/nevan-noonan/17047,headshots/utah_nevan-noonan.jpg
utah,Utah,6,Cameron Nielson,RHP,R,R,6' 1'',175,R-So.,"Salt Lake City, Utah",Cottonwood HS,,https://utahutes.com/sports/baseball/roster/cameron-nielson/17036,headshots/utah_cameron-nielson.jpg
utah,Utah,7,Cal Kilgore,C,R,R,6' 1'',185,Sr.,"Overland Park, Kan.",Blue Valley Southwest HS,Johnson County CC,https://utahutes.com/sports/baseball/roster/cal-kilgore/17030,headshots/utah_cal-kilgore.jpg
utah,Utah,8,Jack Kleveno,C,R,R,5' 6'',170,Jr.,"Riverside, Calif.",Arlington HS,,https://utahutes.com/sports/baseball/roster/jack-kleveno/17031,headshots/utah_jack-kleveno.jpg
utah,Utah,9,Jake Long,OF,L,R,6' 3'',225,Jr.,"Whittier, Calif.",La Serna HS,Santa Ana College,https://utahutes.com/sports/baseball/roster/jake-long/17033,headshots/utah_jake-long.jpg
utah,Utah,10,David Galindo,RHP,R,R,5' 9'',225,R-So.,"Phoenix, Ariz.",Saint Mary’s Catholic HS,South Mountain CC,https://utahutes.com/sports/baseball/roster/david-galindo/17097,headshots/utah_david-galindo.jpg
utah,Utah,11,Ryan Kittredge,RHP,R,R,6' 2'',200,Sr.,"Poway, Calif.",Rancho Bernardo HS,California Baptist,https://utahutes.com/sports/baseball/roster/ryan-kittredge/17045,headshots/utah_ryan-kittredge.jpg
utah,Utah,13,Justin Abercrombie,INF/RHP,R,R,5' 10'',170,Sr.,"Simi Valley, Calif.",Thousand Oaks HS,Cal State Dominguez Hills,https://utahutes.com/sports/baseball/roster/justin-abercrombie/17042,headshots/utah_justin-abercrombie.jpg
utah,Utah,15,Demitri Diamant,INF/RHP,R,R,5' 11'',205,R-Jr.,"Las Vegas, Nev.",Bishop Gorman HS,Georgia Tech,https://utahutes.com/sports/baseball/roster/demitri-diamant/17023,headshots/utah_demitri-diamant.jpg
utah,Utah,16,Kaden Soder,RHP,R,R,6' 2'',180,Jr.,"Las Vegas, Nev.",Bishop Gorman HS,College of Southern Nevada,https://utahutes.com/sports/baseball/roster/kaden-soder/17095,headshots/utah_kaden-soder.jpg
utah,Utah,17,Bradley Navarro,OF,S,R,5' 11'',185,Jr.,"Huntington Beach, Calif.",Huntington Beach HS,Cypress College,https://utahutes.com/sports/baseball/roster/bradley-navarro/17105,headshots/utah_bradley-navarro.jpg
utah,Utah,18,Cameron Gurney,INF,L,R,6' 0'',210,R-Jr.,"Scotland, Ontario",Pauline Johnson HS,,https://utahutes.com/sports/baseball/roster/cameron-gurney/17027,headshots/utah_cameron-gurney.jpg
utah,Utah,19,Ian Lenius,LHP,L,L,6' 0'',170,Fr.,"Middleton, Idaho",Middleton HS,,https://utahutes.com/sports/baseball/roster/ian-lenius/17103,headshots/utah_ian-lenius.jpg
utah,Utah,21,Daniel Arambula,INF,R,R,6' 0'',180,So.,"Yucaipa, Calif.",Yucaipa HS,San Diego State,https://utahutes.com/sports/baseball/roster/daniel-arambula/17043,headshots/utah_daniel-arambula.jpg
utah,Utah,22,Payton Riske,RHP,R,R,5' 11'',160,R-Jr.,"Las Vegas, Nev.",Bishop Gorman HS,,https://utahutes.com/sports/baseball/roster/payton-riske/17038,headshots/utah_payton-riske.jpg
utah,Utah,24,Luke Jacobs,OF,L,R,6' 0'',192,Jr.,"Centerville, Utah",Viewmont HS,Salt Lake CC,https://utahutes.com/sports/baseball/roster/luke-jacobs/17096,headshots/utah_luke-jacobs.jpg
utah,Utah,25,Cal Miller,INF,L,R,5' 11'',205,Fr.,"Centerville, Utah",Viewmont HS,,https://utahutes.com/sports/baseball/roster/cal-miller/17104,headshots/utah_cal-miller.jpg
utah,Utah,26,Derek Smith,C,R,R,6' 3'',215,Sr.,"Scottsdale, Ariz.",Horizon HS,College of Southern Nevada,https://utahutes.com/sports/baseball/roster/derek-smith/17039,headshots/utah_derek-smith.jpg
utah,Utah,27,Anson McGorman,RHP,R,R,6' 2'',205,R-Jr.,"Parksville, British Columbia",Vauxhall Academy,,https://utahutes.com/sports/baseball/roster/anson-mcgorman/17035,headshots/utah_anson-mcgorman.jpg
utah,Utah,28,Ian Culver,RHP,R,R,6' 0'',210,Sr.,"St. Paul, Minn.",Roseville Area HS,Iowa Central CC,https://utahutes.com/sports/baseball/roster/ian-culver/17021,headshots/utah_ian-culver.jpg
utah,Utah,30,Landon Salvesen,LHP,L,L,6' 2'',205,Jr.,"Hooper, Utah",Fremont HS,Utah State Eastern,https://utahutes.com/sports/baseball/roster/landon-salvesen/17107,headshots/utah_landon-salvesen.jpg
utah,Utah,31,Ashton Graff-Rowe,INF,R,R,6' 0'',190,Jr.,"Waterloo, Ont.",Laurel Heights Secondary School,Crowder College,https://utahutes.com/sports/baseball/roster/ashton-graffrowe/17102,headshots/utah_ashton-graff-rowe.jpg
utah,Utah,32,Blake Eckerle,C,L,R,6' 1'',205,Fr.,"Hugo, Minn.",White Bear Lake Area HS,,https://utahutes.com/sports/baseball/roster/blake-eckerle/17093,headshots/utah_blake-eckerle.jpg
utah,Utah,33,Easton Jones,RHP,R,R,6' 3'',195,So.,"Pine Canyon, Utah",Stansbury HS,,https://utahutes.com/sports/baseball/roster/easton-jones/17029,headshots/utah_easton-jones.jpg
utah,Utah,34,Malik Harris,RHP,R,R,6' 6'',235,Jr.,"Draper, Utah",Juan Diego Catholic HS,Memphis,https://utahutes.com/sports/baseball/roster/malik-harris/17046,headshots/utah_malik-harris.jpg
utah,Utah,35,Dylan Gazaway,RHP,R,R,6' 4'',200,Sr.,"Orem, Utah",Timpanogos HS,Lane CC,https://utahutes.com/sports/baseball/roster/dylan-gazaway/17026,headshots/utah_dylan-gazaway.jpg
utah,Utah,36,Sammy Cova,LHP,L,L,6' 2'',200,Jr.,"Rancho Santa Margarita, Calif.",Santa Margarita Catholic HS,Saddleback CC,https://utahutes.com/sports/baseball/roster/sammy-cova/17100,headshots/utah_sammy-cova.jpg
utah,Utah,38,Dillon Fine,RHP,R,R,6' 3'',190,So.,"Caldwell, Idaho",Homedale HS,,https://utahutes.com/sports/baseball/roster/dillon-fine/17024,headshots/utah_dillon-fine.jpg
utah,Utah,39,Seth Graham-Pippin,RHP,R,R,6' 1'',185,Jr.,"Las Vegas, Nev.",Desert Oasis HS,College of Southern Nevada,https://utahutes.com/sports/baseball/roster/seth-grahampippin/17106,headshots/utah_seth-graham-pippin.jpg
utah,Utah,40,Chance Covert II,LHP,L,L,6' 2'',200,R-Fr.,"Austin, Texas",Westlake HS,Texas,https://utahutes.com/sports/baseball/roster/chance-covert-ii/17099,headshots/utah_chance-covert-ii.jpg
utah,Utah,53,Jet Gilliam,OF,R,R,6' 0'',176,Jr.,"Henderson, Nev.",Desert Oasis HS,NC State,https://utahutes.com/sports/baseball/roster/jet-gilliam/17044,headshots/utah_jet-gilliam.jpg
byu,BYU,2,Keoni Painter,Outfielder,L,L,5-11,,RS-Junior,"Kula, Hawaii",Kamehameha Schools Maui,,https://byucougars.com/sports/baseball/roster/player/keoni-painter,
byu,BYU,3,Crew McChesney,Outfielder,L,R,6-0,,Junior,"Highland, Utah",Lone Peak High School,,https://byucougars.com/sports/baseball/roster/player/crew-mcchesney,
byu,BYU,4,Patrick Graham,Infielder,,,5-11,,Senior,"Naperville, Illinois",Penn State,,https://byucougars.com/sports/baseball/roster/player/patrick-graham,
byu,BYU,5,Ryker Schow,Outfielder/Infielder,R,R,6-0,,Sophomore,"Pleasant Grove, Utah",Pleasant Grove High School,,https://byucougars.com/sports/baseball/roster/player/ryker-schow,
byu,BYU,6,Austin Park,Infielder/Outfielder,,,6-1,,Freshman,"Mona, Utah",Juab High School,,https://byucougars.com/sports/baseball/roster/player/austin-park,
byu,BYU,8,Ryder Robinson,Infielder,S,R,6-2,,Junior,"American Fork, Utah",TCU,,https://byucougars.com/sports/baseball/roster/player/ryder-robinson,
byu,BYU,9,Payton Gubler,Right Hand Pitcher,,,5-10,,RS-Junior,"St. George, Utah",Desert Hills High School,,https://byucougars.com/sports/baseball/roster/player/payton-gubler,
byu,BYU,10,Parker Goff,Catcher,R,R,5-11,,Senior,"Herriman, Utah",Riverton High School,,https://byucougars.com/sports/baseball/roster/player/parker-goff,
byu,BYU,11,Luke Anderson,Outfielder/Infielder,R,R,5-10,,Senior,"Santa Clara, Utah",Snow Canyon High School,,https://byucougars.com/sports/baseball/roster/player/luke-anderson,
byu,BYU,12,Matt Hansen,Infielder,L,R,6-1,,Sophomore,"Colorado Springs, Colorado",Huntington Beach High School,,https://byucougars.com/sports/baseball/roster/player/matt-hansen,
byu,BYU,13,Bryker Hurdsman,Outfielder,R,R,6-4,,Senior,"St. George, Utah",Utah Tech,,https://byucougars.com/sports/baseball/roster/player/bryker-hurdsman,
byu,BYU,14,Sam Hart,Right Hand Pitcher,,,6-0,,Graduate,"Highlands Ranch, Colorado",University of Iowa,,https://byucougars.com/sports/baseball/roster/player/sam-hart,
byu,BYU,16,Wayland Crane,Left Hand Pitcher,,,6-0,,Senior,"Delta, Utah",Utah Valley University,,https://byucougars.com/sports/baseball/roster/player/wayland-crane,
byu,BYU,17,Easton Jones,Infielder,R,R,6-3,,Senior,"American Fork, Utah",American Fork High School,,https://byucougars.com/sports/baseball/roster/player/easton-jones,
byu,BYU,18,Bridger Davies,Outfielder/Infielder,,,6-5,,Freshman,"Draper, Utah",Corner Canyon,,https://byucougars.com/sports/baseball/roster/player/bridger-davies,
byu,BYU,21,Nate Gray,Right Hand Pitcher,,,6-6,,Junior,"Queen Creek, Arizona",Pima Community College,,https://byucougars.com/sports/baseball/roster/player/nate-gray,
byu,BYU,22,Tu'alau Wolfgramm,Catcher/Outfielder,R,R,5-10,,Sophomore,"Pleasant Grove, Utah",Pleasant Grove High School,,https://byucougars.com/sports/baseball/roster/player/tualau-wolfgramm,
byu,BYU,23,Jaxon Clayton,Right Hand Pitcher,,,6-1,,Freshman,"Milwaukee, Wisconsin",Brookfield Central HS,,https://byucougars.com/sports/baseball/roster/player/jaxon-clayton,
byu,BYU,24,Brayden Marx,Right Hand Pitcher,,,6-0,,Junior,"Pleasant Grove, Utah",Hawaii,,https://byucougars.com/sports/baseball/roster/player/brayden-marx,
byu,BYU,25,Luke Sterner,Right Hand Pitcher,,,6-2,,Senior,"Laguna Niguel, California",Dana Hills High School,,https://byucougars.com/sports/baseball/roster/player/luke-sterner,
byu,BYU,26,Cooper Jones,Infielder,,,6-1,,Freshman,"American Fork, Utah",American Fork,,https://byucougars.com/sports/baseball/roster/player/cooper-jones-bsb,
byu,BYU,28,Justis Reiser,Left Hand Pitcher,,,6-1,,RS-Junior,"South Jordan, Utah",Bingham High School,,https://byucougars.com/sports/baseball/roster/player/justis-reiser,
byu,BYU,29,Ridge Erickson,Catcher,R,R,5-11,,Sophomore,"St. George, Utah",Dixie High School,,https://byucougars.com/sports/baseball/roster/player/ridge-erickson,
byu,BYU,30,Brock Snow,Left Hand Pitcher,,,6-1,,RS-Sophomore,"Mesa, Arizona",Southern Idaho,,https://byucougars.com/sports/baseball/roster/player/brock-snow,
byu,BYU,31,Nate Keyes,Outfielder,,,6-2,,Freshman,"Laas Vegas, Nevada",Faith Lutheran,,https://byucougars.com/sports/baseball/roster/player/nate-keyes,
byu,BYU,32,Dan Brousseau,Right Hand Pitcher,,,6-5,,Junior,"Murray, Utah",Salt Lake CC,,https://byucougars.com/sports/baseball/roster/player/dan-brousseau,
byu,BYU,33,Ethan Zufall,Right Hand Pitcher,,,6-1,,Freshman,"Broomfield, Colorado",Broomfield HS,,https://byucougars.com/sports/baseball/roster/player/ethan-zufall,
byu,BYU,34,Rockwell Lybbert,Right Hand Pitcher,,,6-4,,RS-Sophomore,"Davis, California",Davis Senior HS,,https://byucougars.com/sports/baseball/roster/player/rockwell-lybbert,
byu,BYU,35,Ezra McNaughton,Infielder,L,R,5-11,,Sophomore,"Mesa, Arizona",Mountain View High School,,https://byucougars.com/sports/baseball/roster/player/ezra-mcnaughton,
byu,BYU,37,Garrison Sumner,Right Hand Pitcher,,,6-3,,Senior,"Eagle Mountain, Utah",Salt Lake Community College,,https://byucougars.com/sports/baseball/roster/player/garrison-sumner,
byu,BYU,39,Bryant Ball,Catcher/Right Hand Pitcher,R,R,5-10,,RS-Junior,"Highland, Utah",Skyridge HS,,https://byucougars.com/sports/baseball/roster/player/bryant-ball,
byu,BYU,41,Tyler Ball,Right Hand Pitcher,,,6-1,,Freshman,"Highland, Utah",Skyridge HS,,https://byucougars.com/sports/baseball/roster/player/tyler-ball,
byu,BYU,44,Cayson Bell,Right Hand Pitcher,,,6-1,,RS-Sophomore,"St. George, Utah",Dixie High School,,https://byucougars.com/sports/baseball/roster/player/cayson-bell,
byu,BYU,50,Blade Paragas,Right Hand Pitcher,,,5-11,,RS-Freshman,"Makaha, Hawaii",Kamehameha Schools Kapalama,,https://byucougars.com/sports/baseball/roster/player/blade-paragas,
byu,BYU,51,Ashton Johnson,Left Hand Pitcher,,,5-11,,Senior,"Holladay, Utah",College of Southern Idaho,,https://byucougars.com/sports/baseball/roster/player/ashton-johnson-1,
byu,BYU,55,Nate Wochner,Right Hand Pitcher,,,6-4,,Freshman,"Arvada, Colorado",Broomfield,,https://byucougars.com/sports/baseball/roster/player/nate-wochner-bsb,
uvu,Utah Valley,0,Will Applegate,INF,L,R,6-2,185,Jr.,"Charleston, Ill.",Charleston HS,Parkland,https://gouvu.com/sports/baseball/roster/will-applegate/11273,headshots/uvu_will-applegate.png
uvu,Utah Valley,1,Liwai Correa,INF,R,R,5-11,180,R-Fr.,"Keaau, Hawaii",Kamehameha Schools Hawaii,,https://gouvu.com/sports/baseball/roster/liwai-correa/11254,headshots/uvu_liwai-correa.png
uvu,Utah Valley,2,Cooper Brass,INF,R,R,5-10,170,R-So.,"Chandler, Ariz.",Hamilton HS,New Mexico,https://gouvu.com/sports/baseball/roster/cooper-brass/11274,headshots/uvu_cooper-brass.png
uvu,Utah Valley,3,Jimmy De Anda,OF,R,R,5-9,185,Sr.,"Yorba Linda, Calif.",Mater Dei HS,Santa Ana,https://gouvu.com/sports/baseball/roster/jimmy-de-anda/11255,headshots/uvu_jimmy-de-anda.png
uvu,Utah Valley,4,Mason Strong,C,R,R,6-1,190,R-Sr.,"Santa Clara, UT",,BYU / Oklahoma,https://gouvu.com/sports/baseball/roster/mason-strong/11270,headshots/uvu_mason-strong.png
uvu,Utah Valley,5,Kaden Carpenter,OF,L,R,6-4,225,Sr.,"American Fork, Utah",American Fork HS,Utah,https://gouvu.com/sports/baseball/roster/kaden-carpenter/11275,headshots/uvu_kaden-carpenter.png
uvu,Utah Valley,6,Trenton Rowan,INF,L,R,6-3,215,R-Jr.,"Erie, Colo.",Erie HS,Seward County CC / Arkansas,https://gouvu.com/sports/baseball/roster/trenton-rowan/11267,headshots/uvu_trenton-rowan.png
uvu,Utah Valley,7,Hunter Katschke,UTL,R,R,6-3,220,Sr.,"Las Vegas, Nev.",Basic HS,Utah Tech,https://gouvu.com/sports/baseball/roster/hunter-katschke/11290,headshots/uvu_hunter-katschke.png
uvu,Utah Valley,8,Chipper Beck,INF,,,6-1,200,Sr.,"Highland, Utah",Lone Peak HS,SLCC / BYU,https://gouvu.com/sports/baseball/roster/chipper-beck/11276,headshots/uvu_chipper-beck.png
uvu,Utah Valley,9,Luke Iverson,C/OF,S,R,6-0,185,Sr.,"St. George, Utah",Pine View HS,,https://gouvu.com/sports/baseball/roster/luke-iverson/11259,headshots/uvu_luke-iverson.png
uvu,Utah Valley,10,Brody Block,OF,L,L,5-9,175,Sr.,"Visalia, Calif.",Redwood HS,Reedley College,https://gouvu.com/sports/baseball/roster/brody-block/11252,headshots/uvu_brody-block.png
uvu,Utah Valley,11,Colton Kennedy,RHP,R,R,6-0,195,Sr.,"Kirkland, Wash.",Lake Washington HS,,https://gouvu.com/sports/baseball/roster/colton-kennedy/11260,headshots/uvu_colton-kennedy.png
uvu,Utah Valley,12,Garrett Miller,RHP,R,R,6-0,200,R-Jr.,"Boise, Idaho",Timberline HS,College of Southern Idaho,https://gouvu.com/sports/baseball/roster/garrett-miller/11264,headshots/uvu_garrett-miller.png
uvu,Utah Valley,13,Mason Hamlin,INF,R,R,6-2,205,Sr.,"Elbert, Colo.",Falcon HS,Oklahoma,https://gouvu.com/sports/baseball/roster/mason-hamlin/11277,headshots/uvu_mason-hamlin.png
uvu,Utah Valley,14,Cohen Baack,RHP,R,R,5-10,165,Fr.,"Phoenix, Ariz.",Centennial HS,,https://gouvu.com/sports/baseball/roster/cohen-baack/11278,headshots/uvu_cohen-baack.png
uvu,Utah Valley,15,Aaron Rice,RHP,R,R,6-3,230,R-Sr.,"Brillion, Wisc.",Brillion HS,McHenry JC,https://gouvu.com/sports/baseball/roster/aaron-rice/11265,headshots/uvu_aaron-rice.png
uvu,Utah Valley,16,Joseph Barnhardt,C,R,R,6-2,218,Sr.,"Stockton, Calif.",Tokay HS,San Joaquin Delta College,https://gouvu.com/sports/baseball/roster/joseph-barnhardt/11249,headshots/uvu_joseph-barnhardt.png
uvu,Utah Valley,17,Jacob Beltran,RHP,R,R,6-0,180,Sr.,"Phoenix, Ariz.",Mountain Pointe HS,South Mountain JC,https://gouvu.com/sports/baseball/roster/jacob-beltran/11251,headshots/uvu_jacob-beltran.png
uvu,Utah Valley,18,George Albrecht,RHP,L,R,6-4,195,Sr.,"Louisville, Colo.",Monarch HS,Monterey Peninsula,https://gouvu.com/sports/baseball/roster/george-albrecht/11248,headshots/uvu_george-albrecht.png
uvu,Utah Valley,20,Jordan Chancellor,RHP,R,R,6-2,248,R-Fr.,"Indio, Calif.",Xavier College Prep,,https://gouvu.com/sports/baseball/roster/jordan-chancellor/11253,headshots/uvu_jordan-chancellor.png
uvu,Utah Valley,21,Bradley Gilbert,RHP,L,R,5-11,190,So.,"Redlands, Calif.",Aquinas HS,Washington,https://gouvu.com/sports/baseball/roster/bradley-gilbert/11280,headshots/uvu_bradley-gilbert.png
uvu,Utah Valley,22,Josh Mawhinney,RHP,R,R,6-4,215,Fr.,"Cottonwood Heights, Utah",Brighton HS,,https://gouvu.com/sports/baseball/roster/josh-mawhinney/11281,headshots/uvu_josh-mawhinney.png
uvu,Utah Valley,24,Jacob Heppner,LHP,L,L,5-11,205,R-Jr.,"Litchfield Park, Ariz.",Canyon View HS,Paradise Valley,https://gouvu.com/sports/baseball/roster/jacob-heppner/11256,headshots/uvu_jacob-heppner.png
uvu,Utah Valley,25,Ray Hernandez,RHP,R,R,5-11,190,Sr.,"Temecula, Calif.",Temecula Valley HS,Ohlone College,https://gouvu.com/sports/baseball/roster/ray-hernandez/11257,headshots/uvu_ray-hernandez.png
uvu,Utah Valley,27,Carter Seely,RHP,R,R,6-1,195,Jr.,"Selah, Wash.",Selah HS,Central Arizona,https://gouvu.com/sports/baseball/roster/carter-seely/11282,headshots/uvu_carter-seely.png
uvu,Utah Valley,28,Cooper Littledike,RHP,,,6-3,200,R-Sr.,"Mapleton, Utah",Maple Mountain HS,Southern Idaho,https://gouvu.com/sports/baseball/roster/cooper-littledike/11262,headshots/uvu_cooper-littledike.png
uvu,Utah Valley,29,Max Stanley,RHP,L,R,6-3,185,So.,"Parker, Colo.",Douglas County HS,BYU,https://gouvu.com/sports/baseball/roster/max-stanley/11283,headshots/uvu_max-stanley.png
uvu,Utah Valley,30,Quinn Holt,RHP,R,R,6-5,225,Sr.,"North Wales, Pa.",North Penn HS,Keystone College,https://gouvu.com/sports/baseball/roster/quinn-holt/11284,headshots/uvu_quinn-holt.png
uvu,Utah Valley,31,Naun Haro,LHP,L,L,6-2,200,Sr.,"La Quinta, Calif.",Palm Desert HS,Kansas,https://gouvu.com/sports/baseball/roster/naun-haro/11285,headshots/uvu_naun-haro.png
uvu,Utah Valley,32,Trey Jacobsen,RHP,R,R,6-5,210,Jr.,"Cedar City, Utah",Canyon View HS,Centralia CC,https://gouvu.com/sports/baseball/roster/trey-jacobsen/11286,headshots/uvu_trey-jacobsen.png
uvu,Utah Valley,33,Jayden Smith,OF,R,R,5-9,175,Sr.,"Gilbert, Ariz.",Campo Verde,South Mountain JC,https://gouvu.com/sports/baseball/roster/jayden-smith/11268,headshots/uvu_jayden-smith.png
uvu,Utah Valley,34,Luke Kimmel,LHP,L,L,5-11,180,Jr.,"Orem, Utah",Orem HS,,https://gouvu.com/sports/baseball/roster/luke-kimmel/11261,headshots/uvu_luke-kimmel.png
uvu,Utah Valley,35,Landon Zaborowski,RHP,R,R,6-3,205,So.,"Gilbert, Ariz.",Basha HS,,https://gouvu.com/sports/baseball/roster/landon-zaborowski/11272,headshots/uvu_landon-zaborowski.png
uvu,Utah Valley,36,Niko Rosell,INF,L,R,6-0,190,R-Jr.,"Hillsboro, Ore.",Century HS,Yavapai CC / South Mountain CC,https://gouvu.com/sports/baseball/roster/niko-rosell/11266,headshots/uvu_niko-rosell.png
uvu,Utah Valley,37,Derek Houston,UTL,R,R,6-2,210,R-So.,"Kanab, Utah",Kanab HS,,https://gouvu.com/sports/baseball/roster/derek-houston/11258,headshots/uvu_derek-houston.png
uvu,Utah Valley,38,DJ Massey,INF,R,R,5-8,180,Sr.,"Bellflower, Calif.",Gahr HS,CSU Bakersfield / Central Arizona / Cerritos College,https://gouvu.com/sports/baseball/roster/dj-massey/11263,headshots/uvu_dj-massey.png
uvu,Utah Valley,41,Chance Wallace,LHP,R,L,6-0,185,Sr.,"Portland, Ore.",Sunset HS,Pacific University,https://gouvu.com/sports/baseball/roster/chance-wallace/11287,headshots/uvu_chance-wallace.png
uvu,Utah Valley,49,Jet Jones,C,R,R,6-3,220,Fr.,"Londonderry, N.H.",Londonderry HS,,https://gouvu.com/sports/baseball/roster/jet-jones/11288,headshots/uvu_jet-jones.png
uvu,Utah Valley,53,Mario Bejarano,LHP,L,L,5-11,230,Sr.,"Tucson, Ariz.",Tucson HS,Central Arizona,https://gouvu.com/sports/baseball/roster/mario-bejarano/11250,headshots/uvu_mario-bejarano.png
uvu,Utah Valley,55,Maddax Peck,RHP,R,R,6-1,190,So.,"Riverton, Utah",Bingham HS,BYU,https://gouvu.com/sports/baseball/roster/maddax-peck/11289,headshots/uvu_maddax-peck.png
utah_tech,Utah Tech,1,Mays Madsen,Outfielder,L,R,5-9,155,Fr.,"Lehi, Utah",Lehi HS,,https://utahtechtrailblazers.com/sports/baseball/roster/mays-madsen/10327,headshots/utah_tech_mays-madsen.jpg
utah_tech,Utah Tech,2,Derek Render,Right Handed Pitcher,R,R,6-0,180,R-Fr.,"Henderson, Nev.",Boulder City HS,,https://utahtechtrailblazers.com/sports/baseball/roster/derek-render/10328,headshots/utah_tech_derek-render.jpg
utah_tech,Utah Tech,4,Petey Soto Jr.,Shortstop,R,R,5-10,170,Jr.,"St. George, Utah",Crimson Cliffs HS,,https://utahtechtrailblazers.com/sports/baseball/roster/petey-soto-jr-/10329,headshots/utah_tech_petey-soto-jr.jpg
utah_tech,Utah Tech,5,Dakota Gray,Right Handed Pitcher,R,R,5-10,170,Sr.,"Rancho Cucamonga, Calif.",Rancho Cucamonga HS,Riverside CC,https://utahtechtrailblazers.com/sports/baseball/roster/dakota-gray/10330,headshots/utah_tech_dakota-gray.jpg
utah_tech,Utah Tech,6,McGwire Madsen,Infielder,L,R,5-8,170,Fr.,"Lehi, Utah",Lehi HS,,https://utahtechtrailblazers.com/sports/baseball/roster/mcgwire-madsen/10331,headshots/utah_tech_mcgwire-madsen.jpg
utah_tech,Utah Tech,7,Tyler Ray,Right Handed Pitcher,R,R,6-2,210,Sr.,"Las Vegas, Nev.",Rancho HS,College of Southern Nevada,https://utahtechtrailblazers.com/sports/baseball/roster/tyler-ray/10332,headshots/utah_tech_tyler-ray.jpg
utah_tech,Utah Tech,8,Kace Naone,Third Base,R,R,6-0,200,Sr.,"West Linn, Ore.",West Linn HS,Linn-Benton CC,https://utahtechtrailblazers.com/sports/baseball/roster/kace-naone/10333,headshots/utah_tech_kace-naone.jpg
utah_tech,Utah Tech,10,Gavin Grutzmacher,Infielder,R,R,5-10,180,R-Sr.,"Temecula, Calif.",Temecula Valley HS,Irvine Valley CC/Coppin State,https://utahtechtrailblazers.com/sports/baseball/roster/gavin-grutzmacher/10334,headshots/utah_tech_gavin-grutzmacher.jpg
utah_tech,Utah Tech,11,Talan Kelly,Right Handed Pitcher,R,R,5-11,210,So.,"Santa Clara, Utah",Snow Canyon HS,,https://utahtechtrailblazers.com/sports/baseball/roster/talan-kelly/10335,headshots/utah_tech_talan-kelly.jpg
utah_tech,Utah Tech,12,Kaden Allred,Catcher,R,R,5-11,170,R-Fr.,"Riverton, Utah",Riverton HS,,https://utahtechtrailblazers.com/sports/baseball/roster/kaden-allred/10336,headshots/utah_tech_kaden-allred.jpg
utah_tech,Utah Tech,13,Brock Roundy,Left Handed Pitcher,L,L,5-8,190,Sr.,"Washington, Utah",Pine View HS,Grays Harbor College/Clark College,https://utahtechtrailblazers.com/sports/baseball/roster/brock-roundy/10337,headshots/utah_tech_brock-roundy.jpg
utah_tech,Utah Tech,14,Kyle McDaniel,Second Base,L,R,5-10,190,Jr.,"Pahrump, Nev.",Pahrump Valley HS,,https://utahtechtrailblazers.com/sports/baseball/roster/kyle-mcdaniel/10338,headshots/utah_tech_kyle-mcdaniel.jpg
utah_tech,Utah Tech,15,Hudson Manwaring,Outfielder,R,R,6-1,185,Jr.,"Salt Lake City, Utah",Skyline HS,Salt Lake CC,https://utahtechtrailblazers.com/sports/baseball/roster/hudson-manwaring/10339,headshots/utah_tech_hudson-manwaring.jpg
utah_tech,Utah Tech,16,Cooper Smith,Catcher,L,R,6-1,205,So.,"Coeur d'Alene, Idaho",Lake City HS,,https://utahtechtrailblazers.com/sports/baseball/roster/cooper-smith/10340,headshots/utah_tech_cooper-smith.jpg
utah_tech,Utah Tech,17,Gavin Long,Outfielder,L,R,5-10,185,Sr.,"Orcutt, Calif.",Ernest Righetti HS,Allan Hancock College,https://utahtechtrailblazers.com/sports/baseball/roster/gavin-long/10341,headshots/utah_tech_gavin-long.jpg
utah_tech,Utah Tech,18,Andrew Pyle,Catcher,R,R,6-1,208,Sr.,"Whittier, Calif.",La Mirada HS,Long Beach State/Fullerton CC,https://utahtechtrailblazers.com/sports/baseball/roster/andrew-pyle/10342,headshots/utah_tech_andrew-pyle.jpg
utah_tech,Utah Tech,19,Brandon Wyland,Right Handed Pitcher,R,R,5-11,175,Jr.,"Anaheim Hills, Calif.",Esperanza HS,Cypress College,https://utahtechtrailblazers.com/sports/baseball/roster/brandon-wyland/10343,headshots/utah_tech_brandon-wyland.jpg
utah_tech,Utah Tech,21,Ty Johnsen,Catcher,R,R,6-3,208,R-Sr.,"Pittsburgh, Penn.",Pleasant Grove (UT) HS,Gonzaga/Salt Lake CC,https://utahtechtrailblazers.com/sports/baseball/roster/ty-johnsen/10344,headshots/utah_tech_ty-johnsen.jpg
utah_tech,Utah Tech,22,Ryan Kroepel,Third Base/Right Handed Pitcher,L,R,6-0,185,Jr.,"Poway, Calif.",Poway HS,Arizona State,https://utahtechtrailblazers.com/sports/baseball/roster/ryan-kroepel/10345,headshots/utah_tech_ryan-kroepel.jpg
utah_tech,Utah Tech,23,Miller Durham,First Base,L,L,6-2,215,Jr.,"San Diego, Calif.",Faith Lutheran HS,Point Loma/College of Southern Nevada,https://utahtechtrailblazers.com/sports/baseball/roster/miller-durham/10346,headshots/utah_tech_miller-durham.jpg
utah_tech,Utah Tech,24,Gavin Glasgow,Third Base,R,R,5-10,205,Sr.,"Little Rock, Ark.",Joe T. Robinson HS,BYU/Crowder CC,https://utahtechtrailblazers.com/sports/baseball/roster/gavin-glasgow/10347,headshots/utah_tech_gavin-glasgow.jpg
utah_tech,Utah Tech,26,Aaron Morris,Right Handed Pitcher,R,R,5-10,180,Jr.,"Washington, Utah",Crimson Cliffs HS,,https://utahtechtrailblazers.com/sports/baseball/roster/aaron-morris/10348,headshots/utah_tech_aaron-morris.jpg
utah_tech,Utah Tech,28,Jonah Marshall,Right Handed Pitcher,R,R,6-2,185,Sr.,"South Jordan, Utah",Bingham HS,,https://utahtechtrailblazers.com/sports/baseball/roster/jonah-marshall/10349,headshots/utah_tech_jonah-marshall.jpg
utah_tech,Utah Tech,29,Ethan Gardner,RIght Handed Pitcher,R,R,6-5,180,Sr.,"Meridian, Idaho",Borah HS,Wenatchee Valley CC/College of Southern Idaho,https://utahtechtrailblazers.com/sports/baseball/roster/ethan-gardner/10350,headshots/utah_tech_ethan-gardner.jpg
utah_tech,Utah Tech,30,Ryan Martinez,Right Handed Pitcher,R,R,6-3,220,Sr.,"Las Vegas, Nev.",Centennial HS,Pacific,https://utahtechtrailblazers.com/sports/baseball/roster/ryan-martinez/10351,headshots/utah_tech_ryan-martinez.jpg
utah_tech,Utah Tech,31,Braden Thelander,Right Handed Pitcher,R,R,5-10,170,R-Fr.,"Crystal Lake, Ill.",Prairie Ridge HS,,https://utahtechtrailblazers.com/sports/baseball/roster/braden-thelander/10361,headshots/utah_tech_braden-thelander.jpg
utah_tech,Utah Tech,32,Easton Brooks,Right Handed Pitcher,R,R,6-4,190,R-So.,"Herriman, Utah",Mountain Ridge HS,,https://utahtechtrailblazers.com/sports/baseball/roster/easton-brooks/10352,headshots/utah_tech_easton-brooks.jpg
utah_tech,Utah Tech,33,Brandon Kosel,Right Handed Pitcher,R,R,6-3,205,Jr.,"Albuquerque, N.M.",La Cueva HS,Scottsdale CC,https://utahtechtrailblazers.com/sports/baseball/roster/brandon-kosel/10353,headshots/utah_tech_brandon-kosel.jpg
utah_tech,Utah Tech,34,Cooper Robinson,Right Handed Pitcher,R,R,6-3,205,R-Fr.,"Summerville, S.C.",Pineview Prep HS,,https://utahtechtrailblazers.com/sports/baseball/roster/cooper-robinson/10354,headshots/utah_tech_cooper-robinson.jpg
utah_tech,Utah Tech,35,Dakoda West,Right Handed Pitcher,R,R,6-3,225,Sr.,"Orem, Utah",Timpanogos HS,,https://utahtechtrailblazers.com/sports/baseball/roster/dakoda-west/10355,headshots/utah_tech_dakoda-west.jpg
utah_tech,Utah Tech,36,Bryan Martinez,Outfielder,R,R,5-11,200,R-Jr.,"Huntington Beach, Calif.",Orange Lutheran HS,Long Beach State/Golden West CC,https://utahtechtrailblazers.com/sports/baseball/roster/bryan-martinez/10356,headshots/utah_tech_bryan-martinez.jpg
utah_tech,Utah Tech,37,Bryce Intagliata,Left Handed Pitcher,L,L,6-2,195,So.,"Mesquite, Nev.",Virgin Valley HS,College of Southern Idaho,https://utahtechtrailblazers.com/sports/baseball/roster/bryce-intagliata/10357,headshots/utah_tech_bryce-intagliata.jpg
utah_tech,Utah Tech,38,David Sheppard,Left Handed Pitcher,L,L,6-2,205,Fr.,"Goodyear, Ariz.",Millenium HS,,https://utahtechtrailblazers.com/sports/baseball/roster/david-sheppard/10358,headshots/utah_tech_david-sheppard.jpg
utah_tech,Utah Tech,40,Finnegan Stewart,Outfielder,R,R,6-1,215,So.,"Anaheim Hills, Calif.",Orange Lutheran HS,,https://utahtechtrailblazers.com/sports/baseball/roster/finnegan-stewart/10360,headshots/utah_tech_finnegan-stewart.jpg
utah_tech,Utah Tech,44,Jackson Bell,Right Handed Pitcher,R,R,6-2,195,So.,"Vista, Calif.",Cathedral Catholic HS,,https://utahtechtrailblazers.com/sports/baseball/roster/jackson-bell/10362,headshots/utah_tech_jackson-bell.jpg
utah_tech,Utah Tech,45,Jackson Price,Right Handed Pitcher,R,R,6-1,220,Jr.,"Hillsboro, Ore.",Hillsboro HS,Chaffey College,https://utahtechtrailblazers.com/sports/baseball/roster/jackson-price/10363,headshots/utah_tech_jackson-price.jpg
utah_tech,Utah Tech,50,Cade Nalder,Outfielder,R,R,5-10,175,Fr.,"Jordan, Utah",Jordan HS,,https://utahtechtrailblazers.com/sports/baseball/roster/cade-nalder/10359,headshots/utah_tech_cade-nalder.jpg
